Category,Scientific name,Latitude,Longitude,Date,County,Family,AU id,collector,id_method,id_by,alate
Formosan subterranean termite,Coptotermes formosanus,30.656547,-88.188252,2024-05-22,Mobile County,Heterotermitidae,AUT-2024-0044,NM,morphology,NM,no
Formosan subterranean termite,Coptotermes formosanus,30.676704,-88.129565,2024-05-23,Mobile County,Heterotermitidae,AUT-2024-0034,NM,morphology,NM,no
Formosan subterranean termite,Coptotermes formosanus,30.628471,-87.921011,2024-05-23,Baldwin County,Heterotermitidae,AUT-2024-0037,NM,morphology,NM,yes
Formosan subterranean termite,Coptotermes formosanus,30.254969,-87.706271,2024-06-28,Baldwin County,Heterotermitidae,AUT-2024-0046,Anthony Green,soldier,SH,no
Formosan subterranean termite,Coptotermes formosanus,34.587204,-87.030477,2024-07-02,Morgan County,Heterotermitidae,AUT-2024-0036,Cook Pest Management,morphology,NM,no
Formosan subterranean termite,Coptotermes formosanus,30.745639,-88.262975,2024-07-02,Mobile County,Heterotermitidae,AUT-2024-0049,Anthony Green,soldier,SH,no
Formosan subterranean termite,Coptotermes formosanus,30.747074,-88.275284,2024-07-02,Mobile County,Heterotermitidae,AUT-2024-0079,Anthony Green,soldier,SH,no
Formosan subterranean termite,Coptotermes formosanus,30.755649,-88.074957,2024-07-03,Mobile County,Heterotermitidae,AUT-2024-0052,Anthony Green,soldier,SH,no
Formosan subterranean termite,Coptotermes formosanus,30.663259,-88.104217,2024-07-08,Mobile County,Heterotermitidae,AUT-2024-0050,Anthony Green,soldier,SH,no
Formosan subterranean termite,Coptotermes formosanus,30.500989,-88.234300,2024-07-11,Mobile County,Heterotermitidae,AUT-2024-0051,Anthony Green,soldier,SH,no
Formosan subterranean termite,Coptotermes formosanus,30.770020,-88.189603,2024-07-11,Mobile County,Heterotermitidae,AUT-2024-0061,Anthony Green,soldier,SH,no
Formosan subterranean termite,Coptotermes formosanus,30.603269,-88.095071,2024-07-12,Mobile County,Heterotermitidae,AUT-2024-0055,Anthony Green,soldier,SH,no
Formosan subterranean termite,Coptotermes formosanus,30.331588,-87.714529,2024-07-12,Baldwin County,Heterotermitidae,AUT-2024-0077,Anthony Green,soldier,SH,no
Formosan subterranean termite,Coptotermes formosanus,30.599552,-88.062318,2024-07-16,Mobile County,Heterotermitidae,AUT-2024-0073,Anthony Green,soldier,SH,no
Formosan subterranean termite,Coptotermes formosanus,30.805208,-88.072967,2024-07-22,Mobile County,Heterotermitidae,AUT-2024-0069,Anthony Green,soldier,SH,no
Formosan subterranean termite,Coptotermes formosanus,30.471793,-88.314507,2024-07-23,Mobile County,Heterotermitidae,AUT-2024-0080,Anthony Green,soldier,SH,no
Formosan subterranean termite,Coptotermes formosanus,30.857361,-88.143351,2024-07-24,Mobile County,Heterotermitidae,AUT-2024-0053,Anthony Green,soldier,SH,no
Formosan subterranean termite,Coptotermes formosanus,30.712420,-88.103486,2024-07-30,Mobile County,Heterotermitidae,AUT-2024-0063,PK,soldier,SH,no
Formosan subterranean termite,Coptotermes formosanus,30.807278,-88.077354,2024-08-02,Mobile County,Heterotermitidae,AUT-2024-0047,Anthony Green,soldier,SH,no
Formosan subterranean termite,Coptotermes formosanus,30.709414,-88.083504,2024-08-07,Mobile County,Heterotermitidae,AUT-2024-0056,PK,soldier,SH,no
Formosan subterranean termite,Coptotermes formosanus,30.480042,-88.344451,2024-08-07,Mobile County,Heterotermitidae,AUT-2024-0062,Anthony Green,soldier,SH,no
Formosan subterranean termite,Coptotermes formosanus,30.647044,-88.103738,2024-08-08,Mobile County,Heterotermitidae,AUT-2024-0048,Anthony Green,soldier,SH,no
Formosan subterranean termite,Coptotermes formosanus,30.664540,-88.260299,2024-08-09,Mobile County,Heterotermitidae,AUT-2024-0067,Anthony Green,soldier,SH,no
Formosan subterranean termite,Coptotermes formosanus,30.673536,-88.178937,2024-08-14,Mobile County,Heterotermitidae,AUT-2024-0054,Anthony Green,soldier,SH,no
Formosan subterranean termite,Coptotermes formosanus,30.765121,-88.136279,2024-08-26,Mobile County,Heterotermitidae,AUT-2024-0081,Anthony Green,soldier,SH,no
Formosan subterranean termite,Coptotermes formosanus,30.758621,-88.074818,2024-08-30,Mobile County,Heterotermitidae,AUT-2024-0065,Anthony Green,soldier,SH,no
Formosan subterranean termite,Coptotermes formosanus,30.709757,-88.302468,2024-09-20,Mobile County,Heterotermitidae,AUT-2024-0059,Anthony Green,soldier,SH,no
Formosan subterranean termite,Coptotermes formosanus,30.764070,-88.213492,2024-09-25,Mobile County,Heterotermitidae,AUT-2024-0068,Anthony Green,soldier,SH,no
Formosan subterranean termite,Coptotermes formosanus,30.589595,-88.228792,2024-10-01,Mobile County,Heterotermitidae,AUT-2024-0060,Anthony Green,soldier,SH,no
Formosan subterranean termite,Coptotermes formosanus,30.571766,-88.186941,2024-10-02,Mobile County,Heterotermitidae,AUT-2024-0072,Anthony Green,soldier,SH,no
Formosan subterranean termite,Coptotermes formosanus,30.431989,-88.303303,2024-10-03,Mobile County,Heterotermitidae,AUT-2024-0084,Anthony Green,soldier,SH,no
Formosan subterranean termite,Coptotermes formosanus,30.617200,-88.096392,2024-10-08,Mobile County,Heterotermitidae,AUT-2024-0085,Anthony Green,soldier,SH,no
Formosan subterranean termite,Coptotermes formosanus,30.620900,-88.075094,2024-10-17,Mobile County,Heterotermitidae,AUT-2024-0083,Anthony Green,soldier,SH,no
Formosan subterranean termite,Coptotermes formosanus,30.690951,-88.103543,2024-10-17,Mobile County,Heterotermitidae,AUT-2024-0088,Anthony Green,soldier,SH,no
Formosan subterranean termite,Coptotermes formosanus,30.816322,-88.064818,2024-10-31,Mobile County,Heterotermitidae,AUT-2024-0099,Anthony Green,soldier,SH,no
Formosan subterranean termite,Coptotermes formosanus,30.279511,-87.618189,2024-11-06,Baldwin County,Heterotermitidae,AUT-2024-0035,NM/EC,morphology,NM,no
Formosan subterranean termite,Coptotermes formosanus,30.661549,-88.083745,2024-11-25,Mobile County,Heterotermitidae,AUT-2024-0096,Anthony Green,soldier,SH,no
Formosan subterranean termite,Coptotermes formosanus,30.693808,-88.222558,2024-12-30,Mobile County,Heterotermitidae,AUT-2024-0092,Anthony Green,soldier,SH,no
Formosan subterranean termite,Coptotermes formosanus,32.470623,-84.999418,2025-05-19,Russell County,Heterotermitidae,AUT-2025-0058,Jennifer Davidson,morphology,NM,yes
Formosan subterranean termite,Coptotermes formosanus,30.626354,-87.917810,2025-12-19,Baldwin County,Heterotermitidae,AUT-2025-0036,NM,soldier,NM,no
Formosan subterranean termite,Coptotermes formosanus,32.577087,-85.485448,2026-05-19,Lee County,Heterotermitidae,AUT-2026-0032,NM,morphology,NM,yes
